Size,GPU_s
128,0.001662
256,0.001733
512,0.002575
1024,0.007417
1536,0.021398
2048,0.047242
4096,0.343882
