Size,GPU_s
128,0.002095
256,0.002245
512,0.002058
1024,0.004792
1536,0.013283
2048,0.028563
4096,0.252146
